<?xml version="1.0" encoding="UTF-8"?>
<beans xmlns="http://www.springframework.org/schema/beans"
    xmlns:xsi="http://www.w3.org/2001/XMLSchema-instance"
    xmlns:context="http://www.springframework.org/schema/context"
    xsi:schemaLocation="http://www.springframework.org/schema/beans
        https://www.springframework.org/schema/beans/spring-beans.xsd
        http://www.springframework.org/schema/context
        https://www.springframework.org/schema/context/spring-context.xsd">

<!-- Annotation based configuration bean object creation -->

<context:component-scan base-package="com.springsframe"></context:component-scan>


  <!-- This is bean based object creation -->
  <!--  <bean id="employee" class="com.springsframe.Employee">
  <property name="qualification" value="Engineering"></property>
  </bean>
  <bean id="manager" class="com.springsframe.Manager">
   <property name="qualification" value="MBA"></property>
   </bean>-->
   
   
   
</beans>